R102.25,models/vrptw/sourceunknown/default/R102.25.lp,vrptw
RC108.25,models/vrptw/sourceunknown/default/RC108.25.lp,vrptw
RC102.25,models/vrptw/sourceunknown/default/RC102.25.lp,vrptw
R201.25,models/vrptw/sourceunknown/default/R201.25.lp,vrptw
C108.25,models/vrptw/sourceunknown/default/C108.25.lp,vrptw
R111.25,models/vrptw/sourceunknown/default/R111.25.lp,vrptw
R105.25,models/vrptw/sourceunknown/default/R105.25.lp,vrptw
C201.25,models/vrptw/sourceunknown/default/C201.25.lp,vrptw
RC202.25,models/vrptw/sourceunknown/default/RC202.25.lp,vrptw
RC208.25,models/vrptw/sourceunknown/default/RC208.25.lp,vrptw
R108.25,models/vrptw/sourceunknown/default/R108.25.lp,vrptw
C109.25,models/vrptw/sourceunknown/default/C109.25.lp,vrptw
R207.25,models/vrptw/sourceunknown/default/R207.25.lp,vrptw
RC103.25,models/vrptw/sourceunknown/default/RC103.25.lp,vrptw
R211.25,models/vrptw/sourceunknown/default/R211.25.lp,vrptw
RC201.25,models/vrptw/sourceunknown/default/RC201.25.lp,vrptw
C207.25,models/vrptw/sourceunknown/default/C207.25.lp,vrptw
R110.25,models/vrptw/sourceunknown/default/R110.25.lp,vrptw
C101.25,models/vrptw/sourceunknown/default/C101.25.lp,vrptw
C202.25,models/vrptw/sourceunknown/default/C202.25.lp,vrptw
RC107.25,models/vrptw/sourceunknown/default/RC107.25.lp,vrptw
R103.25,models/vrptw/sourceunknown/default/R103.25.lp,vrptw
R202.25,models/vrptw/sourceunknown/default/R202.25.lp,vrptw
R107.25,models/vrptw/sourceunknown/default/R107.25.lp,vrptw
C103.25,models/vrptw/sourceunknown/default/C103.25.lp,vrptw
RC203.25,models/vrptw/sourceunknown/default/RC203.25.lp,vrptw
RC206.25,models/vrptw/sourceunknown/default/RC206.25.lp,vrptw
R101.25,models/vrptw/sourceunknown/default/R101.25.lp,vrptw
RC207.25,models/vrptw/sourceunknown/default/RC207.25.lp,vrptw
RC204.25,models/vrptw/sourceunknown/default/RC204.25.lp,vrptw
R209.25,models/vrptw/sourceunknown/default/R209.25.lp,vrptw
R210.25,models/vrptw/sourceunknown/default/R210.25.lp,vrptw
RC106.25,models/vrptw/sourceunknown/default/RC106.25.lp,vrptw
R112.25,models/vrptw/sourceunknown/default/R112.25.lp,vrptw
R208.25,models/vrptw/sourceunknown/default/R208.25.lp,vrptw
C106.25,models/vrptw/sourceunknown/default/C106.25.lp,vrptw
C206.25,models/vrptw/sourceunknown/default/C206.25.lp,vrptw
C102.25,models/vrptw/sourceunknown/default/C102.25.lp,vrptw
C105.25,models/vrptw/sourceunknown/default/C105.25.lp,vrptw
R203.25,models/vrptw/sourceunknown/default/R203.25.lp,vrptw
RC105.25,models/vrptw/sourceunknown/default/RC105.25.lp,vrptw
C107.25,models/vrptw/sourceunknown/default/C107.25.lp,vrptw
C205.25,models/vrptw/sourceunknown/default/C205.25.lp,vrptw
C204.25,models/vrptw/sourceunknown/default/C204.25.lp,vrptw
RC101.25,models/vrptw/sourceunknown/default/RC101.25.lp,vrptw
C104.25,models/vrptw/sourceunknown/default/C104.25.lp,vrptw
C208.25,models/vrptw/sourceunknown/default/C208.25.lp,vrptw
R204.25,models/vrptw/sourceunknown/default/R204.25.lp,vrptw
RC104.25,models/vrptw/sourceunknown/default/RC104.25.lp,vrptw
R104.25,models/vrptw/sourceunknown/default/R104.25.lp,vrptw
9Cap50,models/cwlp-ss/sobolev/default/9Cap50.lp,cwlp-ss
8Cap10,models/cwlp-ss/sobolev/default/8Cap10.lp,cwlp-ss
2Cap10,models/cwlp-ss/sobolev/default/2Cap10.lp,cwlp-ss
10Cap20,models/cwlp-ss/sobolev/default/10Cap20.lp,cwlp-ss
18Cap30,models/cwlp-ss/sobolev/default/18Cap30.lp,cwlp-ss
4Cap10,models/cwlp-ss/sobolev/default/4Cap10.lp,cwlp-ss
15Cap30,models/cwlp-ss/sobolev/default/15Cap30.lp,cwlp-ss
3Cap30,models/cwlp-ss/sobolev/default/3Cap30.lp,cwlp-ss
20Cap30,models/cwlp-ss/sobolev/default/20Cap30.lp,cwlp-ss
6Cap40,models/cwlp-ss/sobolev/default/6Cap40.lp,cwlp-ss
10Cap50,models/cwlp-ss/sobolev/default/10Cap50.lp,cwlp-ss
3Cap10,models/cwlp-ss/sobolev/default/3Cap10.lp,cwlp-ss
7Cap20,models/cwlp-ss/sobolev/default/7Cap20.lp,cwlp-ss
13Cap10,models/cwlp-ss/sobolev/default/13Cap10.lp,cwlp-ss
16Cap10,models/cwlp-ss/sobolev/default/16Cap10.lp,cwlp-ss
20Cap20,models/cwlp-ss/sobolev/default/20Cap20.lp,cwlp-ss
1Cap50,models/cwlp-ss/sobolev/default/1Cap50.lp,cwlp-ss
5Cap30,models/cwlp-ss/sobolev/default/5Cap30.lp,cwlp-ss
13Cap50,models/cwlp-ss/sobolev/default/13Cap50.lp,cwlp-ss
5Cap20,models/cwlp-ss/sobolev/default/5Cap20.lp,cwlp-ss
2Cap40,models/cwlp-ss/sobolev/default/2Cap40.lp,cwlp-ss
12Cap20,models/cwlp-ss/sobolev/default/12Cap20.lp,cwlp-ss
1Cap20,models/cwlp-ss/sobolev/default/1Cap20.lp,cwlp-ss
8Cap40,models/cwlp-ss/sobolev/default/8Cap40.lp,cwlp-ss
9Cap30,models/cwlp-ss/sobolev/default/9Cap30.lp,cwlp-ss
2Cap50,models/cwlp-ss/sobolev/default/2Cap50.lp,cwlp-ss
1Cap10,models/cwlp-ss/sobolev/default/1Cap10.lp,cwlp-ss
19Cap50,models/cwlp-ss/sobolev/default/19Cap50.lp,cwlp-ss
20Cap10,models/cwlp-ss/sobolev/default/20Cap10.lp,cwlp-ss
11Cap40,models/cwlp-ss/sobolev/default/11Cap40.lp,cwlp-ss
5Cap10,models/cwlp-ss/sobolev/default/5Cap10.lp,cwlp-ss
15Cap40,models/cwlp-ss/sobolev/default/15Cap40.lp,cwlp-ss
18Cap10,models/cwlp-ss/sobolev/default/18Cap10.lp,cwlp-ss
14Cap40,models/cwlp-ss/sobolev/default/14Cap40.lp,cwlp-ss
19Cap20,models/cwlp-ss/sobolev/default/19Cap20.lp,cwlp-ss
9Cap40,models/cwlp-ss/sobolev/default/9Cap40.lp,cwlp-ss
13Cap40,models/cwlp-ss/sobolev/default/13Cap40.lp,cwlp-ss
11Cap50,models/cwlp-ss/sobolev/default/11Cap50.lp,cwlp-ss
19Cap10,models/cwlp-ss/sobolev/default/19Cap10.lp,cwlp-ss
12Cap50,models/cwlp-ss/sobolev/default/12Cap50.lp,cwlp-ss
19Cap30,models/cwlp-ss/sobolev/default/19Cap30.lp,cwlp-ss
4Cap30,models/cwlp-ss/sobolev/default/4Cap30.lp,cwlp-ss
16Cap50,models/cwlp-ss/sobolev/default/16Cap50.lp,cwlp-ss
16Cap20,models/cwlp-ss/sobolev/default/16Cap20.lp,cwlp-ss
18Cap40,models/cwlp-ss/sobolev/default/18Cap40.lp,cwlp-ss
15Cap20,models/cwlp-ss/sobolev/default/15Cap20.lp,cwlp-ss
10Cap10,models/cwlp-ss/sobolev/default/10Cap10.lp,cwlp-ss
4Cap50,models/cwlp-ss/sobolev/default/4Cap50.lp,cwlp-ss
16Cap30,models/cwlp-ss/sobolev/default/16Cap30.lp,cwlp-ss
8Cap20,models/cwlp-ss/sobolev/default/8Cap20.lp,cwlp-ss
nsf_p0.3_s1,models/pcp/furini/default/nsf_p0.3_s1.lp,pcp
ring_n10p0.5s2,models/pcp/furini/default/ring_n10p0.5s2.lp,pcp
n80p5t2s5,models/pcp/furini/default/n80p5t2s5.lp,pcp
n80p5t2s1,models/pcp/furini/default/n80p5t2s1.lp,pcp
n40p5t2s1,models/pcp/furini/default/n40p5t2s1.lp,pcp
n70p5t2s2,models/pcp/furini/default/n70p5t2s2.lp,pcp
nsf_p0.4_s4,models/pcp/furini/default/nsf_p0.4_s4.lp,pcp
n90p3t2s5,models/pcp/furini/default/n90p3t2s5.lp,pcp
nsf_p0.4_s2,models/pcp/furini/default/nsf_p0.4_s2.lp,pcp
ring_n10p0.3s3,models/pcp/furini/default/ring_n10p0.3s3.lp,pcp
n70p5t2s4,models/pcp/furini/default/n70p5t2s4.lp,pcp
nsf_p0.2_s5,models/pcp/furini/default/nsf_p0.2_s5.lp,pcp
ring_n15p0.1s3,models/pcp/furini/default/ring_n15p0.1s3.lp,pcp
n20p5t2s4,models/pcp/furini/default/n20p5t2s4.lp,pcp
n100p5t2s4,models/pcp/furini/default/n100p5t2s4.lp,pcp
n90p3t2s1,models/pcp/furini/default/n90p3t2s1.lp,pcp
n100p5t2s3,models/pcp/furini/default/n100p5t2s3.lp,pcp
nsf_p0.1_s1,models/pcp/furini/default/nsf_p0.1_s1.lp,pcp
ring_n10p0.3s4,models/pcp/furini/default/ring_n10p0.3s4.lp,pcp
n100p5t2s2,models/pcp/furini/default/n100p5t2s2.lp,pcp
n70p5t2s5,models/pcp/furini/default/n70p5t2s5.lp,pcp
n90p1t2s3,models/pcp/furini/default/n90p1t2s3.lp,pcp
ring_n10p0.4s5,models/pcp/furini/default/ring_n10p0.4s5.lp,pcp
n60p5t2s1,models/pcp/furini/default/n60p5t2s1.lp,pcp
n90p9t2s3,models/pcp/furini/default/n90p9t2s3.lp,pcp
nsf_p0.5_s5,models/pcp/furini/default/nsf_p0.5_s5.lp,pcp
n90p4t2s3,models/pcp/furini/default/n90p4t2s3.lp,pcp
nsf_p0.3_s3,models/pcp/furini/default/nsf_p0.3_s3.lp,pcp
ring_n10p0.5s1,models/pcp/furini/default/ring_n10p0.5s1.lp,pcp
nsf_p0.5_s1,models/pcp/furini/default/nsf_p0.5_s1.lp,pcp
ring_n10p0.2s3,models/pcp/furini/default/ring_n10p0.2s3.lp,pcp
ring_n10p0.7s5,models/pcp/furini/default/ring_n10p0.7s5.lp,pcp
ring_n10p0.1s2,models/pcp/furini/default/ring_n10p0.1s2.lp,pcp
n90p2t2s4,models/pcp/furini/default/n90p2t2s4.lp,pcp
n90p9t2s4,models/pcp/furini/default/n90p9t2s4.lp,pcp
ring_n10p0.6s2,models/pcp/furini/default/ring_n10p0.6s2.lp,pcp
n90p6t2s3,models/pcp/furini/default/n90p6t2s3.lp,pcp
nsf_p0.3_s5,models/pcp/furini/default/nsf_p0.3_s5.lp,pcp
nsf_p0.1_s5,models/pcp/furini/default/nsf_p0.1_s5.lp,pcp
n100p5t2s5,models/pcp/furini/default/n100p5t2s5.lp,pcp
ring_n10p0.5s4,models/pcp/furini/default/ring_n10p0.5s4.lp,pcp
n90p8t2s4,models/pcp/furini/default/n90p8t2s4.lp,pcp
n90p1t2s2,models/pcp/furini/default/n90p1t2s2.lp,pcp
n90p2t2s1,models/pcp/furini/default/n90p2t2s1.lp,pcp
n40p5t2s2,models/pcp/furini/default/n40p5t2s2.lp,pcp
n90p5t2s1,models/pcp/furini/default/n90p5t2s1.lp,pcp
n70p5t2s1,models/pcp/furini/default/n70p5t2s1.lp,pcp
n90p2t2s2,models/pcp/furini/default/n90p2t2s2.lp,pcp
ring_n10p0.6s3,models/pcp/furini/default/ring_n10p0.6s3.lp,pcp
ring_n15p0.1s4,models/pcp/furini/default/ring_n15p0.1s4.lp,pcp
la11,models/scheduling/orlibrary/default/la11.lp,scheduling
la20,models/scheduling/orlibrary/default/la20.lp,scheduling
ft20,models/scheduling/orlibrary/default/ft20.lp,scheduling
orb09,models/scheduling/orlibrary/default/orb09.lp,scheduling
la26,models/scheduling/orlibrary/default/la26.lp,scheduling
la21,models/scheduling/orlibrary/default/la21.lp,scheduling
swv13,models/scheduling/orlibrary/default/swv13.lp,scheduling
ft06,models/scheduling/orlibrary/default/ft06.lp,scheduling
orb06,models/scheduling/orlibrary/default/orb06.lp,scheduling
swv20,models/scheduling/orlibrary/default/swv20.lp,scheduling
la16,models/scheduling/orlibrary/default/la16.lp,scheduling
la25,models/scheduling/orlibrary/default/la25.lp,scheduling
la39,models/scheduling/orlibrary/default/la39.lp,scheduling
swv05,models/scheduling/orlibrary/default/swv05.lp,scheduling
la05,models/scheduling/orlibrary/default/la05.lp,scheduling
swv11,models/scheduling/orlibrary/default/swv11.lp,scheduling
orb04,models/scheduling/orlibrary/default/orb04.lp,scheduling
yn1,models/scheduling/orlibrary/default/yn1.lp,scheduling
la23,models/scheduling/orlibrary/default/la23.lp,scheduling
orb10,models/scheduling/orlibrary/default/orb10.lp,scheduling
la34,models/scheduling/orlibrary/default/la34.lp,scheduling
abz6,models/scheduling/orlibrary/default/abz6.lp,scheduling
la04,models/scheduling/orlibrary/default/la04.lp,scheduling
swv10,models/scheduling/orlibrary/default/swv10.lp,scheduling
abz7,models/scheduling/orlibrary/default/abz7.lp,scheduling
la29,models/scheduling/orlibrary/default/la29.lp,scheduling
swv08,models/scheduling/orlibrary/default/swv08.lp,scheduling
yn3,models/scheduling/orlibrary/default/yn3.lp,scheduling
orb05,models/scheduling/orlibrary/default/orb05.lp,scheduling
la12,models/scheduling/orlibrary/default/la12.lp,scheduling
la01,models/scheduling/orlibrary/default/la01.lp,scheduling
la31,models/scheduling/orlibrary/default/la31.lp,scheduling
la35,models/scheduling/orlibrary/default/la35.lp,scheduling
abz5,models/scheduling/orlibrary/default/abz5.lp,scheduling
la02,models/scheduling/orlibrary/default/la02.lp,scheduling
orb02,models/scheduling/orlibrary/default/orb02.lp,scheduling
swv14,models/scheduling/orlibrary/default/swv14.lp,scheduling
swv07,models/scheduling/orlibrary/default/swv07.lp,scheduling
la14,models/scheduling/orlibrary/default/la14.lp,scheduling
la07,models/scheduling/orlibrary/default/la07.lp,scheduling
abz8,models/scheduling/orlibrary/default/abz8.lp,scheduling
swv04,models/scheduling/orlibrary/default/swv04.lp,scheduling
la30,models/scheduling/orlibrary/default/la30.lp,scheduling
swv06,models/scheduling/orlibrary/default/swv06.lp,scheduling
swv02,models/scheduling/orlibrary/default/swv02.lp,scheduling
yn4,models/scheduling/orlibrary/default/yn4.lp,scheduling
yn2,models/scheduling/orlibrary/default/yn2.lp,scheduling
la03,models/scheduling/orlibrary/default/la03.lp,scheduling
la40,models/scheduling/orlibrary/default/la40.lp,scheduling
swv03,models/scheduling/orlibrary/default/swv03.lp,scheduling
P-n22-k8.cvrp,models/cvrp/augerat/default/P-n22-k8.cvrp.lp,cvrp
P-n22-k2.cvrp,models/cvrp/augerat/default/P-n22-k2.cvrp.lp,cvrp
P-n23-k8.cvrp,models/cvrp/augerat/default/P-n23-k8.cvrp.lp,cvrp
P-n16-k8.cvrp,models/cvrp/augerat/default/P-n16-k8.cvrp.lp,cvrp
P-n20-k2.cvrp,models/cvrp/augerat/default/P-n20-k2.cvrp.lp,cvrp
P-n19-k2.cvrp,models/cvrp/augerat/default/P-n19-k2.cvrp.lp,cvrp
B-n31-k5.cvrp,models/cvrp/augerat/default/B-n31-k5.cvrp.lp,cvrp
P-n21-k2.cvrp,models/cvrp/augerat/default/P-n21-k2.cvrp.lp,cvrp
A-n33-k5.cvrp,models/cvrp/augerat/default/A-n33-k5.cvrp.lp,cvrp
B-n35-k5.cvrp,models/cvrp/augerat/default/B-n35-k5.cvrp.lp,cvrp
A-n33-k6.cvrp,models/cvrp/augerat/default/A-n33-k6.cvrp.lp,cvrp
A-n36-k5.cvrp,models/cvrp/augerat/default/A-n36-k5.cvrp.lp,cvrp
eil7.cvrp~,models/cvrp/ce-vrp/default/eil7.cvrp~.lp,cvrp
E-n30-k4.cvrp,models/cvrp/ce-vrp/default/E-n30-k4.cvrp.lp,cvrp
E-n33-k4.cvrp,models/cvrp/ce-vrp/default/E-n33-k4.cvrp.lp,cvrp
eil7.cvrp,models/cvrp/ce-vrp/default/eil7.cvrp.lp,cvrp
E-n22-k4.cvrp,models/cvrp/ce-vrp/default/E-n22-k4.cvrp.lp,cvrp
E-n30-k3.cvrp,models/cvrp/ce-vrp/default/E-n30-k3.cvrp.lp,cvrp
eil13.cvrp,models/cvrp/ce-vrp/default/eil13.cvrp.lp,cvrp
eil31.cvrp,models/cvrp/ce-vrp/default/eil31.cvrp.lp,cvrp
E-n23-k3.cvrp,models/cvrp/ce-vrp/default/E-n23-k3.cvrp.lp,cvrp
gr24.cvrp,models/cvrp/tsplib/default/gr24.cvrp.lp,cvrp
fri26.cvrp,models/cvrp/tsplib/default/fri26.cvrp.lp,cvrp
ulysses16.tsp.cvrp,models/cvrp/tsplib/default/ulysses16.tsp.cvrp.lp,cvrp
gr21.cvrp,models/cvrp/tsplib/default/gr21.cvrp.lp,cvrp
gr17.cvrp,models/cvrp/tsplib/default/gr17.cvrp.lp,cvrp
bayg29.cvrp,models/cvrp/tsplib/default/bayg29.cvrp.lp,cvrp
bays29.cvrp,models/cvrp/tsplib/default/bays29.cvrp.lp,cvrp
ulysses22.tsp.cvrp,models/cvrp/tsplib/default/ulysses22.tsp.cvrp.lp,cvrp
E026-08m.cvrp,models/cvrp/symmetric/default/E026-08m.cvrp.lp,cvrp
S031-07w.cvrp,models/cvrp/symmetric/default/S031-07w.cvrp.lp,cvrp
E048-04y.cvrp,models/cvrp/symmetric/default/E048-04y.cvrp.lp,cvrp
E045-04f.cvrp,models/cvrp/symmetric/default/E045-04f.cvrp.lp,cvrp
S007-02a.cvrp,models/cvrp/symmetric/default/S007-02a.cvrp.lp,cvrp
S013-04d.cvrp,models/cvrp/symmetric/default/S013-04d.cvrp.lp,cvrp
E041-14h.cvrp,models/cvrp/symmetric/default/E041-14h.cvrp.lp,cvrp
E022-04g.cvrp,models/cvrp/symmetric/default/E022-04g.cvrp.lp,cvrp
E022-06m.cvrp,models/cvrp/symmetric/default/E022-06m.cvrp.lp,cvrp
E076-07s.cvrp,models/cvrp/symmetric/default/E076-07s.cvrp.lp,cvrp
E031-09h.cvrp,models/cvrp/symmetric/default/E031-09h.cvrp.lp,cvrp
E023-03g.cvrp,models/cvrp/symmetric/default/E023-03g.cvrp.lp,cvrp
E023-05s.cvrp,models/cvrp/symmetric/default/E023-05s.cvrp.lp,cvrp
A039-03f.cvrp,models/cvrp/asymmetric/default/A039-03f.cvrp.lp,cvrp
A048-03f.cvrp,models/cvrp/asymmetric/default/A048-03f.cvrp.lp,cvrp
A045-03f.cvrp,models/cvrp/asymmetric/default/A045-03f.cvrp.lp,cvrp
A065-03f.cvrp,models/cvrp/asymmetric/default/A065-03f.cvrp.lp,cvrp
A034-02f.cvrp,models/cvrp/asymmetric/default/A034-02f.cvrp.lp,cvrp
A071-03f.cvrp,models/cvrp/asymmetric/default/A071-03f.cvrp.lp,cvrp
A056-03f.cvrp,models/cvrp/asymmetric/default/A056-03f.cvrp.lp,cvrp
A036-03f.cvrp,models/cvrp/asymmetric/default/A036-03f.cvrp.lp,cvrp
BR1_58-paquay,models/clp/paquay/paquay/BR1_58-paquay.lp,clp
BR4_57-paquay,models/clp/paquay/paquay/BR4_57-paquay.lp,clp
BR6_42-paquay,models/clp/paquay/paquay/BR6_42-paquay.lp,clp
BR3_58-paquay,models/clp/paquay/paquay/BR3_58-paquay.lp,clp
BR5_34-paquay,models/clp/paquay/paquay/BR5_34-paquay.lp,clp
BR7_64-paquay,models/clp/paquay/paquay/BR7_64-paquay.lp,clp
sa20_50-paquay,models/clp/paquay/paquay/sa20_50-paquay.lp,clp
BR4_87-paquay,models/clp/paquay/paquay/BR4_87-paquay.lp,clp
sa5_35-junqueira,models/clp/junqueira/junqueira/sa5_35-junqueira.lp,clp
sa5_95-junqueira,models/clp/junqueira/junqueira/sa5_95-junqueira.lp,clp
sa5_100-junqueira,models/clp/junqueira/junqueira/sa5_100-junqueira.lp,clp
sa5_30-junqueira,models/clp/junqueira/junqueira/sa5_30-junqueira.lp,clp
sa15_5-junqueira,models/clp/junqueira/junqueira/sa15_5-junqueira.lp,clp
sa5_10-junqueira,models/clp/junqueira/junqueira/sa5_10-junqueira.lp,clp
tsai4-junqueira,models/clp/junqueira/junqueira/tsai4-junqueira.lp,clp
sa10_25-junqueira,models/clp/junqueira/junqueira/sa10_25-junqueira.lp,clp
sa25_80-hifi,models/clp/hifi/hifi/sa25_80-hifi.lp,clp
BR6_5-hifi,models/clp/hifi/hifi/BR6_5-hifi.lp,clp
sa45_25-hifi,models/clp/hifi/hifi/sa45_25-hifi.lp,clp
BR1_20-hifi,models/clp/hifi/hifi/BR1_20-hifi.lp,clp
BR6_40-hifi,models/clp/hifi/hifi/BR6_40-hifi.lp,clp
sa10_60-hifi,models/clp/hifi/hifi/sa10_60-hifi.lp,clp
BR6_19-hifi,models/clp/hifi/hifi/BR6_19-hifi.lp,clp
BR1_3-hifi,models/clp/hifi/hifi/BR1_3-hifi.lp,clp
BR6_23-tsai,models/clp/tsai/tsai/BR6_23-tsai.lp,clp
BR3_46-tsai,models/clp/tsai/tsai/BR3_46-tsai.lp,clp
chen3-tsai,models/clp/tsai/tsai/chen3-tsai.lp,clp
BR2_43-tsai,models/clp/tsai/tsai/BR2_43-tsai.lp,clp
BR1_90-tsai,models/clp/tsai/tsai/BR1_90-tsai.lp,clp
sa35_15-tsai,models/clp/tsai/tsai/sa35_15-tsai.lp,clp
BR7_93-tsai,models/clp/tsai/tsai/BR7_93-tsai.lp,clp
sa15_95-tsai,models/clp/tsai/tsai/sa15_95-tsai.lp,clp
BR1_20-chen,models/clp/chen/chen/BR1_20-chen.lp,clp
sa5_10-chen,models/clp/chen/chen/sa5_10-chen.lp,clp
sa45_80-chen,models/clp/chen/chen/sa45_80-chen.lp,clp
BR1_58-chen,models/clp/chen/chen/BR1_58-chen.lp,clp
sa5_40-chen,models/clp/chen/chen/sa5_40-chen.lp,clp
BR4_23-chen,models/clp/chen/chen/BR4_23-chen.lp,clp
sa5_75-chen,models/clp/chen/chen/sa5_75-chen.lp,clp
sa35_50-chen,models/clp/chen/chen/sa35_50-chen.lp,clp
sa5_50-chen,models/clp/chen/chen/sa5_50-chen.lp,clp
sa35_75-fasano,models/clp/fasano/fasano/sa35_75-fasano.lp,clp
sa40_10-fasano,models/clp/fasano/fasano/sa40_10-fasano.lp,clp
sa15_85-fasano,models/clp/fasano/fasano/sa15_85-fasano.lp,clp
sa20_100-fasano,models/clp/fasano/fasano/sa20_100-fasano.lp,clp
BR6_89-fasano,models/clp/fasano/fasano/BR6_89-fasano.lp,clp
sa45_85-fasano,models/clp/fasano/fasano/sa45_85-fasano.lp,clp
BR7_61-fasano,models/clp/fasano/fasano/BR7_61-fasano.lp,clp
sa45_40-fasano,models/clp/fasano/fasano/sa45_40-fasano.lp,clp
sa20_50-fasano,models/clp/fasano/fasano/sa20_50-fasano.lp,clp
sprint_late05_p,models/inr/inrc/default/sprint_late05_p.lp,inr
sprint_hidden04_p,models/inr/inrc/default/sprint_hidden04_p.lp,inr
sprint09_j,models/inr/inrc/default/sprint09_j.lp,inr
sprint_hidden02,models/inr/inrc/default/sprint_hidden02.lp,inr
sprint_hidden10,models/inr/inrc/default/sprint_hidden10.lp,inr
sprint_hidden01_p,models/inr/inrc/default/sprint_hidden01_p.lp,inr
sprint_late08_j,models/inr/inrc/default/sprint_late08_j.lp,inr
sprint_hint02,models/inr/inrc/default/sprint_hint02.lp,inr
sprint_hidden10_p,models/inr/inrc/default/sprint_hidden10_p.lp,inr
sprint_hidden06_j,models/inr/inrc/default/sprint_hidden06_j.lp,inr
sprint06_p,models/inr/inrc/default/sprint06_p.lp,inr
sprint05_j,models/inr/inrc/default/sprint05_j.lp,inr
sprint07_j,models/inr/inrc/default/sprint07_j.lp,inr
sprint_hidden05_p,models/inr/inrc/default/sprint_hidden05_p.lp,inr
sprint_late06_p,models/inr/inrc/default/sprint_late06_p.lp,inr
sprint_late04_p,models/inr/inrc/default/sprint_late04_p.lp,inr
sprint_late08_p,models/inr/inrc/default/sprint_late08_p.lp,inr
sprint_late07_j,models/inr/inrc/default/sprint_late07_j.lp,inr
sprint_hidden08,models/inr/inrc/default/sprint_hidden08.lp,inr
sprint_late01_j,models/inr/inrc/default/sprint_late01_j.lp,inr
sprint_late10,models/inr/inrc/default/sprint_late10.lp,inr
toy1_j,models/inr/inrc/default/toy1_j.lp,inr
sprint_hidden06_p,models/inr/inrc/default/sprint_hidden06_p.lp,inr
sprint_hint01_p,models/inr/inrc/default/sprint_hint01_p.lp,inr
sprint01,models/inr/inrc/default/sprint01.lp,inr
sprint_hidden08_p,models/inr/inrc/default/sprint_hidden08_p.lp,inr
sprint_hidden06,models/inr/inrc/default/sprint_hidden06.lp,inr
sprint_hidden04_j,models/inr/inrc/default/sprint_hidden04_j.lp,inr
sprint_late07_p,models/inr/inrc/default/sprint_late07_p.lp,inr
sprint_hidden09_p,models/inr/inrc/default/sprint_hidden09_p.lp,inr
sprint03,models/inr/inrc/default/sprint03.lp,inr
sprint_late09_p,models/inr/inrc/default/sprint_late09_p.lp,inr
sprint_late03_p,models/inr/inrc/default/sprint_late03_p.lp,inr
sprint09_p,models/inr/inrc/default/sprint09_p.lp,inr
sprint_hint01,models/inr/inrc/default/sprint_hint01.lp,inr
sprint_hidden01,models/inr/inrc/default/sprint_hidden01.lp,inr
sprint_hidden03_j,models/inr/inrc/default/sprint_hidden03_j.lp,inr
sprint_late09_j,models/inr/inrc/default/sprint_late09_j.lp,inr
sprint_late03,models/inr/inrc/default/sprint_late03.lp,inr
sprint01_j,models/inr/inrc/default/sprint01_j.lp,inr
sprint08_j,models/inr/inrc/default/sprint08_j.lp,inr
sprint_late10_p,models/inr/inrc/default/sprint_late10_p.lp,inr
sprint_hint02_p,models/inr/inrc/default/sprint_hint02_p.lp,inr
sprint_hidden07,models/inr/inrc/default/sprint_hidden07.lp,inr
sprint_late08,models/inr/inrc/default/sprint_late08.lp,inr
sprint_hidden02_j,models/inr/inrc/default/sprint_hidden02_j.lp,inr
sprint_hidden05,models/inr/inrc/default/sprint_hidden05.lp,inr
sprint_late01_p,models/inr/inrc/default/sprint_late01_p.lp,inr
sprint05_p,models/inr/inrc/default/sprint05_p.lp,inr
sprint03_j,models/inr/inrc/default/sprint03_j.lp,inr
X11427D,models/lotsizing/pimentel/default/X11427D.lp,lotsizing
X12217E,models/lotsizing/pimentel/default/X12217E.lp,lotsizing
X11218C,models/lotsizing/pimentel/default/X11218C.lp,lotsizing
X12117A,models/lotsizing/pimentel/default/X12117A.lp,lotsizing
X11117E,models/lotsizing/pimentel/default/X11117E.lp,lotsizing
X12229A,models/lotsizing/pimentel/default/X12229A.lp,lotsizing
X12418C,models/lotsizing/pimentel/default/X12418C.lp,lotsizing
X12119C,models/lotsizing/pimentel/default/X12119C.lp,lotsizing
F31N,models/lotsizing/trigeiro/default/F31N.lp,lotsizing
F18N,models/lotsizing/trigeiro/default/F18N.lp,lotsizing
G53,models/lotsizing/trigeiro/default/G53.lp,lotsizing
F33N,models/lotsizing/trigeiro/default/F33N.lp,lotsizing
F70N,models/lotsizing/trigeiro/default/F70N.lp,lotsizing
F62N,models/lotsizing/trigeiro/default/F62N.lp,lotsizing
F3N,models/lotsizing/trigeiro/default/F3N.lp,lotsizing
F30N,models/lotsizing/trigeiro/default/F30N.lp,lotsizing
tr12-30,models/lotsizing/lotsizelib/default/tr12-30.mps,lotsizing
tr24-30,models/lotsizing/lotsizelib/default/tr24-30.mps,lotsizing
multiA,models/lotsizing/lotsizelib/default/multiA.lp,lotsizing
tr12-15,models/lotsizing/lotsizelib/default/tr12-15.mps,lotsizing
tr24-15,models/lotsizing/lotsizelib/default/tr24-15.mps,lotsizing
rgna,models/lotsizing/lotsizelib/default/rgna.mps,lotsizing
vpm2a,models/lotsizing/lotsizelib/default/vpm2a.mps,lotsizing
pp08a,models/lotsizing/lotsizelib/default/pp08a.mps,lotsizing
test0936,models/lotsizing/surie/default/test0936.lp,lotsizing
test0627,models/lotsizing/surie/default/test0627.lp,lotsizing
test0348,models/lotsizing/surie/default/test0348.lp,lotsizing
test0715,models/lotsizing/surie/default/test0715.lp,lotsizing
test0472,models/lotsizing/surie/default/test0472.lp,lotsizing
test0485,models/lotsizing/surie/default/test0485.lp,lotsizing
test0439,models/lotsizing/surie/default/test0439.lp,lotsizing
test0929,models/lotsizing/surie/default/test0929.lp,lotsizing
G5247131,models/lotsizing/derstroff/setups/G5247131.lp,lotsizing
K5217411,models/lotsizing/derstroff/setups/K5217411.lp,lotsizing
K5217251,models/lotsizing/derstroff/setups/K5217251.lp,lotsizing
K5217151,models/lotsizing/derstroff/setups/K5217151.lp,lotsizing
G0147541,models/lotsizing/derstroff/setups/G0147541.lp,lotsizing
G5241521,models/lotsizing/derstroff/setups/G5241521.lp,lotsizing
G0147421,models/lotsizing/derstroff/setups/G0147421.lp,lotsizing
G8165421,models/lotsizing/derstroff/setups/G8165421.lp,lotsizing
G5241221,models/lotsizing/derstroff/setups/G5241221.lp,lotsizing
G5047422,models/lotsizing/derstroff/default/G5047422.lp,lotsizing
K5011251,models/lotsizing/derstroff/default/K5011251.lp,lotsizing
K0011321,models/lotsizing/derstroff/default/K0011321.lp,lotsizing
K5014115,models/lotsizing/derstroff/default/K5014115.lp,lotsizing
K5017354,models/lotsizing/derstroff/default/K5017354.lp,lotsizing
K5014255,models/lotsizing/derstroff/default/K5014255.lp,lotsizing
G0047315,models/lotsizing/derstroff/default/G0047315.lp,lotsizing
G5044334,models/lotsizing/derstroff/default/G5044334.lp,lotsizing
K0011152,models/lotsizing/derstroff/default/K0011152.lp,lotsizing
R75_5g.col.bigM,models/coloring/r-set/bigM/R75_5g.col.bigM.lp,coloring
R75_1g.col.bigM,models/coloring/r-set/bigM/R75_1g.col.bigM.lp,coloring
R100_5g.col.bigM,models/coloring/r-set/bigM/R100_5g.col.bigM.lp,coloring
R50_1gb.col.bigM,models/coloring/r-set/bigM/R50_1gb.col.bigM.lp,coloring
R50_9gb.col.bigM,models/coloring/r-set/bigM/R50_9gb.col.bigM.lp,coloring
R75_9gb.col.bigM,models/coloring/r-set/bigM/R75_9gb.col.bigM.lp,coloring
R75_5gb.col.bigM,models/coloring/r-set/bigM/R75_5gb.col.bigM.lp,coloring
R75_5g.col.disa,models/coloring/r-set/disaggregiert/R75_5g.col.disa.lp,coloring
R75_1g.col.disa,models/coloring/r-set/disaggregiert/R75_1g.col.disa.lp,coloring
R100_1gb.col.disa,models/coloring/r-set/disaggregiert/R100_1gb.col.disa.lp,coloring
R50_5g.col.disa,models/coloring/r-set/disaggregiert/R50_5g.col.disa.lp,coloring
R100_1g.col.disa,models/coloring/r-set/disaggregiert/R100_1g.col.disa.lp,coloring
R50_9g.col.disa,models/coloring/r-set/disaggregiert/R50_9g.col.disa.lp,coloring
R50_9gb.col.disa,models/coloring/r-set/disaggregiert/R50_9gb.col.disa.lp,coloring
qwhopt.order18.holes120.1.col.bigM,models/coloring/fixedsets/bigM/qwhopt.order18.holes120.1.col.bigM.lp,coloring
qwhdec.order18.holes120.1.col.bigM,models/coloring/fixedsets/bigM/qwhdec.order18.holes120.1.col.bigM.lp,coloring
qwhdec.order5.holes10.1.col.bigM,models/coloring/fixedsets/bigM/qwhdec.order5.holes10.1.col.bigM.lp,coloring
qwhopt.order5.holes10.1.col.bigM,models/coloring/fixedsets/bigM/qwhopt.order5.holes10.1.col.bigM.lp,coloring
qwhdec.order5.holes10.1.col.disa,models/coloring/fixedsets/disaggregiert/qwhdec.order5.holes10.1.col.disa.lp,coloring
qwhopt.order5.holes10.1.col.disa,models/coloring/fixedsets/disaggregiert/qwhopt.order5.holes10.1.col.disa.lp,coloring
gcol19.bigM,models/coloring/orlibrary/bigM/gcol19.bigM.lp,coloring
gcol10.bigM,models/coloring/orlibrary/bigM/gcol10.bigM.lp,coloring
gcol3.bigM,models/coloring/orlibrary/bigM/gcol3.bigM.lp,coloring
gcol20.bigM,models/coloring/orlibrary/bigM/gcol20.bigM.lp,coloring
gcol7.bigM,models/coloring/orlibrary/bigM/gcol7.bigM.lp,coloring
gcol6.bigM,models/coloring/orlibrary/bigM/gcol6.bigM.lp,coloring
gcol12.bigM,models/coloring/orlibrary/bigM/gcol12.bigM.lp,coloring
gcol15.disa,models/coloring/orlibrary/disaggregiert/gcol15.disa.lp,coloring
gcol17.disa,models/coloring/orlibrary/disaggregiert/gcol17.disa.lp,coloring
gcol10.disa,models/coloring/orlibrary/disaggregiert/gcol10.disa.lp,coloring
gcol20.disa,models/coloring/orlibrary/disaggregiert/gcol20.disa.lp,coloring
gcol12.disa,models/coloring/orlibrary/disaggregiert/gcol12.disa.lp,coloring
gcol13.disa,models/coloring/orlibrary/disaggregiert/gcol13.disa.lp,coloring
gcol3.disa,models/coloring/orlibrary/disaggregiert/gcol3.disa.lp,coloring
jean.col.bigM,models/coloring/mixed/bigM/jean.col.bigM.lp,coloring
4-Insertions_4.col.bigM,models/coloring/mixed/bigM/4-Insertions_4.col.bigM.lp,coloring
queen7_7.col.bigM,models/coloring/mixed/bigM/queen7_7.col.bigM.lp,coloring
1-Insertions_5.col.bigM,models/coloring/mixed/bigM/1-Insertions_5.col.bigM.lp,coloring
DSJC250.1.col.bigM,models/coloring/mixed/bigM/DSJC250.1.col.bigM.lp,coloring
queen10_10.col.bigM,models/coloring/mixed/bigM/queen10_10.col.bigM.lp,coloring
DSJR500.1.col.bigM,models/coloring/mixed/bigM/DSJR500.1.col.bigM.lp,coloring
anna.col.bigM,models/coloring/mixed/bigM/anna.col.bigM.lp,coloring
games120.col.disa,models/coloring/mixed/disaggregiert/games120.col.disa.lp,coloring
myciel6.col.disa,models/coloring/mixed/disaggregiert/myciel6.col.disa.lp,coloring
2-FullIns_3.col.disa,models/coloring/mixed/disaggregiert/2-FullIns_3.col.disa.lp,coloring
mug88_25.col.disa,models/coloring/mixed/disaggregiert/mug88_25.col.disa.lp,coloring
2-FullIns_4.col.disa,models/coloring/mixed/disaggregiert/2-FullIns_4.col.disa.lp,coloring
david.col.disa,models/coloring/mixed/disaggregiert/david.col.disa.lp,coloring
3-Insertions_3.col.disa,models/coloring/mixed/disaggregiert/3-Insertions_3.col.disa.lp,coloring
2-Insertions_4.col.disa,models/coloring/mixed/disaggregiert/2-Insertions_4.col.disa.lp,coloring
umps16B_8_3,models/tup/kuleuven/default/umps16B_8_3.lp,tup
umps14_6_3,models/tup/kuleuven/default/umps14_6_3.lp,tup
umps14B_6_3,models/tup/kuleuven/default/umps14B_6_3.lp,tup
umps16A_7_3,models/tup/kuleuven/default/umps16A_7_3.lp,tup
umps16B_7_4,models/tup/kuleuven/default/umps16B_7_4.lp,tup
umps10_5_2,models/tup/kuleuven/default/umps10_5_2.lp,tup
umps10_0_3,models/tup/kuleuven/default/umps10_0_3.lp,tup
umps16B_8_4,models/tup/kuleuven/default/umps16B_8_4.lp,tup
umps16C_7_3,models/tup/kuleuven/default/umps16C_7_3.lp,tup
umps18_9_4,models/tup/kuleuven/default/umps18_9_4.lp,tup
umps14A_6_3,models/tup/kuleuven/default/umps14A_6_3.lp,tup
umps16C_7_2,models/tup/kuleuven/default/umps16C_7_2.lp,tup
umps14_7_3,models/tup/kuleuven/default/umps14_7_3.lp,tup
umps16C_8_4,models/tup/kuleuven/default/umps16C_8_4.lp,tup
umps16_7_4,models/tup/kuleuven/default/umps16_7_4.lp,tup
umps6A_3_1,models/tup/kuleuven/default/umps6A_3_1.lp,tup
umps14B_5_3,models/tup/kuleuven/default/umps14B_5_3.lp,tup
umps14A_7_3,models/tup/kuleuven/default/umps14A_7_3.lp,tup
umps14_5_3,models/tup/kuleuven/default/umps14_5_3.lp,tup
umps16B_7_3,models/tup/kuleuven/default/umps16B_7_3.lp,tup
umps14_1_4,models/tup/kuleuven/default/umps14_1_4.lp,tup
umps16A_8_4,models/tup/kuleuven/default/umps16A_8_4.lp,tup
umps10A_5_3,models/tup/kuleuven/default/umps10A_5_3.lp,tup
umps14C_7_3,models/tup/kuleuven/default/umps14C_7_3.lp,tup
umps16_8_2,models/tup/kuleuven/default/umps16_8_2.lp,tup
umps8_4_2,models/tup/kuleuven/default/umps8_4_2.lp,tup
umps10B_5_2,models/tup/kuleuven/default/umps10B_5_2.lp,tup
umps14_8_1,models/tup/kuleuven/default/umps14_8_1.lp,tup
umps16A_8_2,models/tup/kuleuven/default/umps16A_8_2.lp,tup
umps6C_3_1,models/tup/kuleuven/default/umps6C_3_1.lp,tup
umps16A_7_4,models/tup/kuleuven/default/umps16A_7_4.lp,tup
umps16C_7_4,models/tup/kuleuven/default/umps16C_7_4.lp,tup
umps10A_5_2,models/tup/kuleuven/default/umps10A_5_2.lp,tup
umps16B_7_2,models/tup/kuleuven/default/umps16B_7_2.lp,tup
umps14B_7_3,models/tup/kuleuven/default/umps14B_7_3.lp,tup
umps10A_0_3,models/tup/kuleuven/default/umps10A_0_3.lp,tup
umps8A_4_2,models/tup/kuleuven/default/umps8A_4_2.lp,tup
umps16_7_2,models/tup/kuleuven/default/umps16_7_2.lp,tup
umps6_3_1,models/tup/kuleuven/default/umps6_3_1.lp,tup
umps16_8_4,models/tup/kuleuven/default/umps16_8_4.lp,tup
umps16_7_3,models/tup/kuleuven/default/umps16_7_3.lp,tup
umps14A_5_3,models/tup/kuleuven/default/umps14A_5_3.lp,tup
umps6B_3_1,models/tup/kuleuven/default/umps6B_3_1.lp,tup
umps10_3_3,models/tup/kuleuven/default/umps10_3_3.lp,tup
umps14C_5_3,models/tup/kuleuven/default/umps14C_5_3.lp,tup
umps10C_5_2,models/tup/kuleuven/default/umps10C_5_2.lp,tup
umps16C_8_2,models/tup/kuleuven/default/umps16C_8_2.lp,tup
umps16_8_3,models/tup/kuleuven/default/umps16_8_3.lp,tup
umps16B_8_2,models/tup/kuleuven/default/umps16B_8_2.lp,tup
umps14C_6_3,models/tup/kuleuven/default/umps14C_6_3.lp,tup
bpp_ctf_100_8,models/bppif/ceselli/chain/bpp_ctf_100_8.mps,bppif
bpp_cts_50_4,models/bppif/ceselli/chain/bpp_cts_50_4.mps,bppif
bpp_cls_50_5,models/bppif/ceselli/chain/bpp_cls_50_5.mps,bppif
bpp_ctf_20_4,models/bppif/ceselli/chain/bpp_ctf_20_4.mps,bppif
bpp_ctl_20_5,models/bppif/ceselli/chain/bpp_ctl_20_5.mps,bppif
bpp_cts_50_5,models/bppif/ceselli/chain/bpp_cts_50_5.mps,bppif
bpp_cll_20_6,models/bppif/ceselli/chain/bpp_cll_20_6.mps,bppif
bpp_clf_50_0,models/bppif/ceselli/chain/bpp_clf_50_0.mps,bppif
bpp_cls_100_1,models/bppif/ceselli/chain/bpp_cls_100_1.mps,bppif
bpp_cll_50_1,models/bppif/ceselli/chain/bpp_cll_50_1.mps,bppif
bpp_cll_50_9,models/bppif/ceselli/chain/bpp_cll_50_9.mps,bppif
bpp_cts_100_3,models/bppif/ceselli/chain/bpp_cts_100_3.mps,bppif
bpp_ctl_50_5,models/bppif/ceselli/chain/bpp_ctl_50_5.mps,bppif
bpp_ctf_100_1,models/bppif/ceselli/chain/bpp_ctf_100_1.mps,bppif
bpp_clf_50_5,models/bppif/ceselli/chain/bpp_clf_50_5.mps,bppif
bpp_ctl_100_4,models/bppif/ceselli/chain/bpp_ctl_100_4.mps,bppif
bpp_ctl_20_7,models/bppif/ceselli/chain/bpp_ctl_20_7.mps,bppif
bpp_ctf_20_8,models/bppif/ceselli/chain/bpp_ctf_20_8.mps,bppif
bpp_clf_100_0,models/bppif/ceselli/chain/bpp_clf_100_0.mps,bppif
bpp_ctl_50_6,models/bppif/ceselli/chain/bpp_ctl_50_6.mps,bppif
bpp_cts_100_5,models/bppif/ceselli/chain/bpp_cts_100_5.mps,bppif
bpp_ctf_20_5,models/bppif/ceselli/chain/bpp_ctf_20_5.mps,bppif
bpp_cts_50_1,models/bppif/ceselli/chain/bpp_cts_50_1.mps,bppif
bpp_cll_20_5,models/bppif/ceselli/chain/bpp_cll_20_5.mps,bppif
bpp_cll_50_7,models/bppif/ceselli/chain/bpp_cll_50_7.mps,bppif
bpp_nll_100_2,models/bppif/ceselli/natural/bpp_nll_100_2.mps,bppif
bpp_nls_20_5,models/bppif/ceselli/natural/bpp_nls_20_5.mps,bppif
bpp_ntf_50_1,models/bppif/ceselli/natural/bpp_ntf_50_1.mps,bppif
bpp_nls_50_9,models/bppif/ceselli/natural/bpp_nls_50_9.mps,bppif
bpp_ntl_20_2,models/bppif/ceselli/natural/bpp_ntl_20_2.mps,bppif
bpp_nls_100_8,models/bppif/ceselli/natural/bpp_nls_100_8.mps,bppif
bpp_nll_20_8,models/bppif/ceselli/natural/bpp_nll_20_8.mps,bppif
bpp_nll_100_8,models/bppif/ceselli/natural/bpp_nll_100_8.mps,bppif
bpp_nls_100_0,models/bppif/ceselli/natural/bpp_nls_100_0.mps,bppif
bpp_ntf_50_3,models/bppif/ceselli/natural/bpp_ntf_50_3.mps,bppif
bpp_nlf_50_5,models/bppif/ceselli/natural/bpp_nlf_50_5.mps,bppif
bpp_ntl_50_2,models/bppif/ceselli/natural/bpp_ntl_50_2.mps,bppif
bpp_ntf_20_6,models/bppif/ceselli/natural/bpp_ntf_20_6.mps,bppif
bpp_nlf_50_3,models/bppif/ceselli/natural/bpp_nlf_50_3.mps,bppif
bpp_nlf_20_9,models/bppif/ceselli/natural/bpp_nlf_20_9.mps,bppif
bpp_ntf_50_4,models/bppif/ceselli/natural/bpp_ntf_50_4.mps,bppif
bpp_nll_100_3,models/bppif/ceselli/natural/bpp_nll_100_3.mps,bppif
bpp_ntl_100_8,models/bppif/ceselli/natural/bpp_ntl_100_8.mps,bppif
bpp_nlf_50_1,models/bppif/ceselli/natural/bpp_nlf_50_1.mps,bppif
bpp_nts_100_1,models/bppif/ceselli/natural/bpp_nts_100_1.mps,bppif
bpp_nls_100_5,models/bppif/ceselli/natural/bpp_nls_100_5.mps,bppif
bpp_nts_50_2,models/bppif/ceselli/natural/bpp_nts_50_2.mps,bppif
bpp_ntl_20_3,models/bppif/ceselli/natural/bpp_ntl_20_3.mps,bppif
bpp_ntf_20_4,models/bppif/ceselli/natural/bpp_ntf_20_4.mps,bppif
bpp_nll_100_4,models/bppif/ceselli/natural/bpp_nll_100_4.mps,bppif
d250_17_alternative,models/maplabeling/lorena/alternative/d250_17_alternative.lp,maplabeling
d1000_03_alternative,models/maplabeling/lorena/alternative/d1000_03_alternative.lp,maplabeling
d500_14_alternative,models/maplabeling/lorena/alternative/d500_14_alternative.lp,maplabeling
d100_10_alternative,models/maplabeling/lorena/alternative/d100_10_alternative.lp,maplabeling
d750_02_alternative,models/maplabeling/lorena/alternative/d750_02_alternative.lp,maplabeling
d750_07_alternative,models/maplabeling/lorena/alternative/d750_07_alternative.lp,maplabeling
d750_11_alternative,models/maplabeling/lorena/alternative/d750_11_alternative.lp,maplabeling
d1000_13_alternative,models/maplabeling/lorena/alternative/d1000_13_alternative.lp,maplabeling
d100_20_alternative,models/maplabeling/lorena/alternative/d100_20_alternative.lp,maplabeling
d750_16_alternative,models/maplabeling/lorena/alternative/d750_16_alternative.lp,maplabeling
d500_06_alternative,models/maplabeling/lorena/alternative/d500_06_alternative.lp,maplabeling
d250_23_alternative,models/maplabeling/lorena/alternative/d250_23_alternative.lp,maplabeling
d500_22_alternative,models/maplabeling/lorena/alternative/d500_22_alternative.lp,maplabeling
d750_21_alternative,models/maplabeling/lorena/alternative/d750_21_alternative.lp,maplabeling
d750_23_alternative,models/maplabeling/lorena/alternative/d750_23_alternative.lp,maplabeling
d750_10_alternative,models/maplabeling/lorena/alternative/d750_10_alternative.lp,maplabeling
d750_17_alternative,models/maplabeling/lorena/alternative/d750_17_alternative.lp,maplabeling
d1000_04_alternative,models/maplabeling/lorena/alternative/d1000_04_alternative.lp,maplabeling
d100_02_alternative,models/maplabeling/lorena/alternative/d100_02_alternative.lp,maplabeling
d1000_09_alternative,models/maplabeling/lorena/alternative/d1000_09_alternative.lp,maplabeling
d500_09_alternative,models/maplabeling/lorena/alternative/d500_09_alternative.lp,maplabeling
d750_18_alternative,models/maplabeling/lorena/alternative/d750_18_alternative.lp,maplabeling
d250_08_alternative,models/maplabeling/lorena/alternative/d250_08_alternative.lp,maplabeling
d25_02_alternative,models/maplabeling/lorena/alternative/d25_02_alternative.lp,maplabeling
d100_03_alternative,models/maplabeling/lorena/alternative/d100_03_alternative.lp,maplabeling
d1000_18,models/maplabeling/lorena/default/d1000_18.lp,maplabeling
d100_03,models/maplabeling/lorena/default/d100_03.lp,maplabeling
d750_06,models/maplabeling/lorena/default/d750_06.lp,maplabeling
d1000_15,models/maplabeling/lorena/default/d1000_15.lp,maplabeling
d25_04,models/maplabeling/lorena/default/d25_04.lp,maplabeling
d1000_24,models/maplabeling/lorena/default/d1000_24.lp,maplabeling
d750_01,models/maplabeling/lorena/default/d750_01.lp,maplabeling
d750_12,models/maplabeling/lorena/default/d750_12.lp,maplabeling
d250_14,models/maplabeling/lorena/default/d250_14.lp,maplabeling
d250_13,models/maplabeling/lorena/default/d250_13.lp,maplabeling
d100_10,models/maplabeling/lorena/default/d100_10.lp,maplabeling
d100_11,models/maplabeling/lorena/default/d100_11.lp,maplabeling
d500_21,models/maplabeling/lorena/default/d500_21.lp,maplabeling
d750_18,models/maplabeling/lorena/default/d750_18.lp,maplabeling
d250_21,models/maplabeling/lorena/default/d250_21.lp,maplabeling
d500_11,models/maplabeling/lorena/default/d500_11.lp,maplabeling
d100_09,models/maplabeling/lorena/default/d100_09.lp,maplabeling
d100_18,models/maplabeling/lorena/default/d100_18.lp,maplabeling
d100_04,models/maplabeling/lorena/default/d100_04.lp,maplabeling
d500_02,models/maplabeling/lorena/default/d500_02.lp,maplabeling
d100_20,models/maplabeling/lorena/default/d100_20.lp,maplabeling
d500_25,models/maplabeling/lorena/default/d500_25.lp,maplabeling
d250_17,models/maplabeling/lorena/default/d250_17.lp,maplabeling
d100_14,models/maplabeling/lorena/default/d100_14.lp,maplabeling
d250_10,models/maplabeling/lorena/default/d250_10.lp,maplabeling
prob4_020_001000_02,models/kps/furini/default/prob4_020_001000_02.lp,kps
prob4_030_001000_07,models/kps/furini/default/prob4_030_001000_07.lp,kps
prob2_050_090_110_025_035_08,models/kps/furini/default/prob2_050_090_110_025_035_08.lp,kps
prob1_100_040_060_035_045_09,models/kps/furini/default/prob1_100_040_060_035_045_09.lp,kps
prob4_010_001000_02,models/kps/furini/default/prob4_010_001000_02.lp,kps
prob4_010_000500_07,models/kps/furini/default/prob4_010_000500_07.lp,kps
prob4_005_000500_02,models/kps/furini/default/prob4_005_000500_02.lp,kps
prob1_100_090_110_015_025_04,models/kps/furini/default/prob1_100_090_110_015_025_04.lp,kps
prob4_010_000500_03,models/kps/furini/default/prob4_010_000500_03.lp,kps
prob2_100_090_110_035_045_07,models/kps/furini/default/prob2_100_090_110_035_045_07.lp,kps
prob3_050_090_110_005_015_09,models/kps/furini/default/prob3_050_090_110_005_015_09.lp,kps
prob2_050_040_060_015_025_10,models/kps/furini/default/prob2_050_040_060_015_025_10.lp,kps
prob1_100_090_110_035_045_03,models/kps/furini/default/prob1_100_090_110_035_045_03.lp,kps
prob5_030_020000_05,models/kps/furini/default/prob5_030_020000_05.lp,kps
prob3_050_090_110_025_035_04,models/kps/furini/default/prob3_050_090_110_025_035_04.lp,kps
prob2_050_090_110_025_035_10,models/kps/furini/default/prob2_050_090_110_025_035_10.lp,kps
prob2_100_040_060_035_045_10,models/kps/furini/default/prob2_100_040_060_035_045_10.lp,kps
prob3_100_090_110_005_015_07,models/kps/furini/default/prob3_100_090_110_005_015_07.lp,kps
prob2_100_040_060_035_045_06,models/kps/furini/default/prob2_100_040_060_035_045_06.lp,kps
prob2_050_040_060_035_045_04,models/kps/furini/default/prob2_050_040_060_035_045_04.lp,kps
prob3_050_090_110_015_025_08,models/kps/furini/default/prob3_050_090_110_015_025_08.lp,kps
prob4_020_000500_05,models/kps/furini/default/prob4_020_000500_05.lp,kps
prob1_050_040_060_035_045_03,models/kps/furini/default/prob1_050_040_060_035_045_03.lp,kps
prob1_100_090_110_025_035_06,models/kps/furini/default/prob1_100_090_110_025_035_06.lp,kps
prob3_050_090_110_005_015_06,models/kps/furini/default/prob3_050_090_110_005_015_06.lp,kps
prob1_050_040_060_015_025_05,models/kps/furini/default/prob1_050_040_060_015_025_05.lp,kps
prob1_100_040_060_015_025_08,models/kps/furini/default/prob1_100_040_060_015_025_08.lp,kps
prob1_050_040_060_025_035_08,models/kps/furini/default/prob1_050_040_060_025_035_08.lp,kps
prob4_030_000500_04,models/kps/furini/default/prob4_030_000500_04.lp,kps
prob1_050_040_060_015_025_06,models/kps/furini/default/prob1_050_040_060_015_025_06.lp,kps
prob2_050_090_110_015_025_06,models/kps/furini/default/prob2_050_090_110_015_025_06.lp,kps
prob2_100_090_110_025_035_09,models/kps/furini/default/prob2_100_090_110_025_035_09.lp,kps
prob3_050_040_060_015_025_06,models/kps/furini/default/prob3_050_040_060_015_025_06.lp,kps
prob2_050_090_110_035_045_07,models/kps/furini/default/prob2_050_090_110_035_045_07.lp,kps
prob1_100_090_110_025_035_08,models/kps/furini/default/prob1_100_090_110_025_035_08.lp,kps
prob1_100_040_060_025_035_04,models/kps/furini/default/prob1_100_040_060_025_035_04.lp,kps
prob2_050_040_060_035_045_01,models/kps/furini/default/prob2_050_040_060_035_045_01.lp,kps
prob4_005_001000_09,models/kps/furini/default/prob4_005_001000_09.lp,kps
prob1_100_090_110_005_015_05,models/kps/furini/default/prob1_100_090_110_005_015_05.lp,kps
prob4_010_010000_02,models/kps/furini/default/prob4_010_010000_02.lp,kps
prob1_100_090_110_015_025_02,models/kps/furini/default/prob1_100_090_110_015_025_02.lp,kps
prob1_100_040_060_005_015_08,models/kps/furini/default/prob1_100_040_060_005_015_08.lp,kps
prob1_100_040_060_035_045_06,models/kps/furini/default/prob1_100_040_060_035_045_06.lp,kps
prob4_030_005000_09,models/kps/furini/default/prob4_030_005000_09.lp,kps
prob2_100_090_110_015_025_06,models/kps/furini/default/prob2_100_090_110_015_025_06.lp,kps
prob3_050_040_060_035_045_01,models/kps/furini/default/prob3_050_040_060_035_045_01.lp,kps
prob1_100_040_060_005_015_04,models/kps/furini/default/prob1_100_040_060_005_015_04.lp,kps
prob4_020_005000_05,models/kps/furini/default/prob4_020_005000_05.lp,kps
prob4_020_002500_06,models/kps/furini/default/prob4_020_002500_06.lp,kps
prob2_050_040_060_025_035_05,models/kps/furini/default/prob2_050_040_060_025_035_05.lp,kps
CL_07_50_04,models/bpp2/orbologna/gq/CL_07_50_04.lp,bpp2
CL_03_50_07,models/bpp2/orbologna/gq/CL_03_50_07.lp,bpp2
CL_05_100_06,models/bpp2/orbologna/gq/CL_05_100_06.lp,bpp2
CL_07_200_05,models/bpp2/orbologna/gq/CL_07_200_05.lp,bpp2
CL_01_50_05,models/bpp2/orbologna/gq/CL_01_50_05.lp,bpp2
CL_01_25_09,models/bpp2/orbologna/gq/CL_01_25_09.lp,bpp2
CL_06_200_01,models/bpp2/orbologna/gq/CL_06_200_01.lp,bpp2
CL_06_25_02,models/bpp2/orbologna/gq/CL_06_25_02.lp,bpp2
CL_07_25_08,models/bpp2/orbologna/gq/CL_07_25_08.lp,bpp2
CL_06_25_10,models/bpp2/orbologna/gq/CL_06_25_10.lp,bpp2
CL_08_100_02,models/bpp2/orbologna/gq/CL_08_100_02.lp,bpp2
CL_10_51_08,models/bpp2/orbologna/gq/CL_10_51_08.lp,bpp2
CL_05_50_08,models/bpp2/orbologna/gq/CL_05_50_08.lp,bpp2
CL_07_200_09,models/bpp2/orbologna/gq/CL_07_200_09.lp,bpp2
CL_04_100_08,models/bpp2/orbologna/gq/CL_04_100_08.lp,bpp2
CL_06_50_01,models/bpp2/orbologna/gq/CL_06_50_01.lp,bpp2
CL_04_50_01,models/bpp2/orbologna/gq/CL_04_50_01.lp,bpp2
CL_05_200_08,models/bpp2/orbologna/gq/CL_05_200_08.lp,bpp2
CL_10_24_10,models/bpp2/orbologna/gq/CL_10_24_10.lp,bpp2
CL_04_50_05,models/bpp2/orbologna/gq/CL_04_50_05.lp,bpp2
CL_10_51_04,models/bpp2/orbologna/gq/CL_10_51_04.lp,bpp2
CL_07_50_08,models/bpp2/orbologna/gq/CL_07_50_08.lp,bpp2
CL_10_99_09,models/bpp2/orbologna/gq/CL_10_99_09.lp,bpp2
CL_08_100_05,models/bpp2/orbologna/gq/CL_08_100_05.lp,bpp2
CL_06_100_04,models/bpp2/orbologna/gq/CL_06_100_04.lp,bpp2
CL_08_100_06,models/bpp2/orbologna/gq/CL_08_100_06.lp,bpp2
CL_01_25_05,models/bpp2/orbologna/gq/CL_01_25_05.lp,bpp2
CL_09_200_06,models/bpp2/orbologna/gq/CL_09_200_06.lp,bpp2
CL_05_200_01,models/bpp2/orbologna/gq/CL_05_200_01.lp,bpp2
CL_06_200_05,models/bpp2/orbologna/gq/CL_06_200_05.lp,bpp2
CL_05_100_08,models/bpp2/orbologna/gq/CL_05_100_08.lp,bpp2
CL_07_200_08,models/bpp2/orbologna/gq/CL_07_200_08.lp,bpp2
CL_03_200_02,models/bpp2/orbologna/gq/CL_03_200_02.lp,bpp2
CL_07_25_09,models/bpp2/orbologna/gq/CL_07_25_09.lp,bpp2
CL_05_25_07,models/bpp2/orbologna/gq/CL_05_25_07.lp,bpp2
CL_04_100_04,models/bpp2/orbologna/gq/CL_04_100_04.lp,bpp2
CL_09_25_01,models/bpp2/orbologna/gq/CL_09_25_01.lp,bpp2
CL_06_100_02,models/bpp2/orbologna/gq/CL_06_100_02.lp,bpp2
CL_06_200_06,models/bpp2/orbologna/gq/CL_06_200_06.lp,bpp2
CL_09_50_01,models/bpp2/orbologna/gq/CL_09_50_01.lp,bpp2
CL_08_200_03,models/bpp2/orbologna/gq/CL_08_200_03.lp,bpp2
CL_07_100_10,models/bpp2/orbologna/gq/CL_07_100_10.lp,bpp2
CL_04_50_07,models/bpp2/orbologna/gq/CL_04_50_07.lp,bpp2
CL_02_100_02,models/bpp2/orbologna/gq/CL_02_100_02.lp,bpp2
CL_08_25_02,models/bpp2/orbologna/gq/CL_08_25_02.lp,bpp2
CL_08_200_07,models/bpp2/orbologna/gq/CL_08_200_07.lp,bpp2
CL_02_200_07,models/bpp2/orbologna/gq/CL_02_200_07.lp,bpp2
CL_08_25_06,models/bpp2/orbologna/gq/CL_08_25_06.lp,bpp2
CL_01_200_01,models/bpp2/orbologna/gq/CL_01_200_01.lp,bpp2
CL_09_25_04,models/bpp2/orbologna/gq/CL_09_25_04.lp,bpp2
TEST0098-08-gq,models/cuttingstock/18classes/gq/TEST0098-08-gq.lp,cuttingstock
TEST0083-10-gq,models/cuttingstock/18classes/gq/TEST0083-10-gq.lp,cuttingstock
TEST0065-01-gq,models/cuttingstock/18classes/gq/TEST0065-01-gq.lp,cuttingstock
TEST0084-03-gq,models/cuttingstock/18classes/gq/TEST0084-03-gq.lp,cuttingstock
TEST0009-11-gq,models/cuttingstock/18classes/gq/TEST0009-11-gq.lp,cuttingstock
TEST0008-08-gq,models/cuttingstock/18classes/gq/TEST0008-08-gq.lp,cuttingstock
TEST0032-15-gq,models/cuttingstock/18classes/gq/TEST0032-15-gq.lp,cuttingstock
TEST0096-17-eq,models/cuttingstock/18classes/eq/TEST0096-17-eq.lp,cuttingstock
TEST0055-09-eq,models/cuttingstock/18classes/eq/TEST0055-09-eq.lp,cuttingstock
TEST0064-17-eq,models/cuttingstock/18classes/eq/TEST0064-17-eq.lp,cuttingstock
TEST0050-17-eq,models/cuttingstock/18classes/eq/TEST0050-17-eq.lp,cuttingstock
TEST0075-17-eq,models/cuttingstock/18classes/eq/TEST0075-17-eq.lp,cuttingstock
TEST0066-05-eq,models/cuttingstock/18classes/eq/TEST0066-05-eq.lp,cuttingstock
TEST0005-05-eq,models/cuttingstock/18classes/eq/TEST0005-05-eq.lp,cuttingstock
BPP30-s2-gq,models/cuttingstock/schwerin/gq/BPP30-s2-gq.lp,cuttingstock
BPP73-s1-gq,models/cuttingstock/schwerin/gq/BPP73-s1-gq.lp,cuttingstock
BPP89-s1-gq,models/cuttingstock/schwerin/gq/BPP89-s1-gq.lp,cuttingstock
BPP68-s2-gq,models/cuttingstock/schwerin/gq/BPP68-s2-gq.lp,cuttingstock
BPP19-s1-gq,models/cuttingstock/schwerin/gq/BPP19-s1-gq.lp,cuttingstock
BPP12-s2-gq,models/cuttingstock/schwerin/gq/BPP12-s2-gq.lp,cuttingstock
BPP3-s1-eq,models/cuttingstock/schwerin/eq/BPP3-s1-eq.lp,cuttingstock
BPP83-s1-eq,models/cuttingstock/schwerin/eq/BPP83-s1-eq.lp,cuttingstock
BPP94-s1-eq,models/cuttingstock/schwerin/eq/BPP94-s1-eq.lp,cuttingstock
BPP58-s2-eq,models/cuttingstock/schwerin/eq/BPP58-s2-eq.lp,cuttingstock
BPP93-s1-eq,models/cuttingstock/schwerin/eq/BPP93-s1-eq.lp,cuttingstock
BPP75-s1-eq,models/cuttingstock/schwerin/eq/BPP75-s1-eq.lp,cuttingstock
BPP900-hard-gq,models/cuttingstock/hard28/gq/BPP900-hard-gq.lp,cuttingstock
BPP360-hard-gq,models/cuttingstock/hard28/gq/BPP360-hard-gq.lp,cuttingstock
BPP359-hard-gq,models/cuttingstock/hard28/gq/BPP359-hard-gq.lp,cuttingstock
BPP716-hard-gq,models/cuttingstock/hard28/gq/BPP716-hard-gq.lp,cuttingstock
BPP814-hard-gq,models/cuttingstock/hard28/gq/BPP814-hard-gq.lp,cuttingstock
BPP13-hard-gq,models/cuttingstock/hard28/gq/BPP13-hard-gq.lp,cuttingstock
BPP40-hard-eq,models/cuttingstock/hard28/eq/BPP40-hard-eq.lp,cuttingstock
BPP485-hard-eq,models/cuttingstock/hard28/eq/BPP485-hard-eq.lp,cuttingstock
BPP419-hard-eq,models/cuttingstock/hard28/eq/BPP419-hard-eq.lp,cuttingstock
BPP645-hard-eq,models/cuttingstock/hard28/eq/BPP645-hard-eq.lp,cuttingstock
BPP785-hard-eq,models/cuttingstock/hard28/eq/BPP785-hard-eq.lp,cuttingstock
BPP119-hard-eq,models/cuttingstock/hard28/eq/BPP119-hard-eq.lp,cuttingstock
TEST0082-wae-gq,models/cuttingstock/waescher/gq/TEST0082-wae-gq.lp,cuttingstock
TEST0095-wae-gq,models/cuttingstock/waescher/gq/TEST0095-wae-gq.lp,cuttingstock
TEST0065-wae-gq,models/cuttingstock/waescher/gq/TEST0065-wae-gq.lp,cuttingstock
TEST0005-wae-gq,models/cuttingstock/waescher/gq/TEST0005-wae-gq.lp,cuttingstock
TEST0055-wae-gq,models/cuttingstock/waescher/gq/TEST0055-wae-gq.lp,cuttingstock
TEST0058-wae-gq,models/cuttingstock/waescher/gq/TEST0058-wae-gq.lp,cuttingstock
TEST0058-wae-eq,models/cuttingstock/waescher/eq/TEST0058-wae-eq.lp,cuttingstock
TEST0082-wae-eq,models/cuttingstock/waescher/eq/TEST0082-wae-eq.lp,cuttingstock
TEST0084-wae-eq,models/cuttingstock/waescher/eq/TEST0084-wae-eq.lp,cuttingstock
TEST0054-wae-eq,models/cuttingstock/waescher/eq/TEST0054-wae-eq.lp,cuttingstock
TEST0097-wae-eq,models/cuttingstock/waescher/eq/TEST0097-wae-eq.lp,cuttingstock
TEST0005-wae-eq,models/cuttingstock/waescher/eq/TEST0005-wae-eq.lp,cuttingstock
2-club_partitioning_chesapeake,models/relaxedClique/gschwind/s-club_partitioning/2-club_partitioning_chesapeake.lp,relaxedClique
4-club_partitioning_dolphins,models/relaxedClique/gschwind/s-club_partitioning/4-club_partitioning_dolphins.lp,relaxedClique
5-club_partitioning_lesmis,models/relaxedClique/gschwind/s-club_partitioning/5-club_partitioning_lesmis.lp,relaxedClique
2-club_partitioning_dolphins,models/relaxedClique/gschwind/s-club_partitioning/2-club_partitioning_dolphins.lp,relaxedClique
4-club_partitioning_football,models/relaxedClique/gschwind/s-club_partitioning/4-club_partitioning_football.lp,relaxedClique
3-club_partitioning_dolphins,models/relaxedClique/gschwind/s-club_partitioning/3-club_partitioning_dolphins.lp,relaxedClique
5-club_partitioning_chesapeake,models/relaxedClique/gschwind/s-club_partitioning/5-club_partitioning_chesapeake.lp,relaxedClique
4-club_partitioning_karate,models/relaxedClique/gschwind/s-club_partitioning/4-club_partitioning_karate.lp,relaxedClique
3-club_covering_karate,models/relaxedClique/gschwind/s-club_covering/3-club_covering_karate.lp,relaxedClique
4-club_covering_polbooks,models/relaxedClique/gschwind/s-club_covering/4-club_covering_polbooks.lp,relaxedClique
3-club_covering_chesapeake,models/relaxedClique/gschwind/s-club_covering/3-club_covering_chesapeake.lp,relaxedClique
4-club_covering_lesmis,models/relaxedClique/gschwind/s-club_covering/4-club_covering_lesmis.lp,relaxedClique
2-club_covering_lesmis,models/relaxedClique/gschwind/s-club_covering/2-club_covering_lesmis.lp,relaxedClique
2-club_covering_chesapeake,models/relaxedClique/gschwind/s-club_covering/2-club_covering_chesapeake.lp,relaxedClique
4-club_covering_chesapeake,models/relaxedClique/gschwind/s-club_covering/4-club_covering_chesapeake.lp,relaxedClique
5-club_covering_chesapeake,models/relaxedClique/gschwind/s-club_covering/5-club_covering_chesapeake.lp,relaxedClique
3-clique_covering_karate,models/relaxedClique/gschwind/s-clique_covering/3-clique_covering_karate.lp,relaxedClique
3-clique_covering_dolphins,models/relaxedClique/gschwind/s-clique_covering/3-clique_covering_dolphins.lp,relaxedClique
4-clique_covering_jazz,models/relaxedClique/gschwind/s-clique_covering/4-clique_covering_jazz.lp,relaxedClique
2-clique_covering_football,models/relaxedClique/gschwind/s-clique_covering/2-clique_covering_football.lp,relaxedClique
3-clique_covering_adjnoun,models/relaxedClique/gschwind/s-clique_covering/3-clique_covering_adjnoun.lp,relaxedClique
4-clique_covering_adjnoun,models/relaxedClique/gschwind/s-clique_covering/4-clique_covering_adjnoun.lp,relaxedClique
2-clique_covering_jazz,models/relaxedClique/gschwind/s-clique_covering/2-clique_covering_jazz.lp,relaxedClique
4-clique_covering_karate,models/relaxedClique/gschwind/s-clique_covering/4-clique_covering_karate.lp,relaxedClique
2-plex_covering_dolphins,models/relaxedClique/gschwind/s-plex_covering/2-plex_covering_dolphins.lp,relaxedClique
3-plex_covering_lesmis,models/relaxedClique/gschwind/s-plex_covering/3-plex_covering_lesmis.lp,relaxedClique
3-plex_covering_karate,models/relaxedClique/gschwind/s-plex_covering/3-plex_covering_karate.lp,relaxedClique
5-plex_covering_karate,models/relaxedClique/gschwind/s-plex_covering/5-plex_covering_karate.lp,relaxedClique
2-plex_covering_football,models/relaxedClique/gschwind/s-plex_covering/2-plex_covering_football.lp,relaxedClique
4-plex_covering_polbooks,models/relaxedClique/gschwind/s-plex_covering/4-plex_covering_polbooks.lp,relaxedClique
3-plex_covering_adjnoun,models/relaxedClique/gschwind/s-plex_covering/3-plex_covering_adjnoun.lp,relaxedClique
2-plex_covering_polbooks,models/relaxedClique/gschwind/s-plex_covering/2-plex_covering_polbooks.lp,relaxedClique
0.9-quasi-clique_covering_chesapeake,models/relaxedClique/gschwind/gamma-quasi-clique_covering/0.9-quasi-clique_covering_chesapeake.lp,relaxedClique
0.95-quasi-clique_covering_karate,models/relaxedClique/gschwind/gamma-quasi-clique_covering/0.95-quasi-clique_covering_karate.lp,relaxedClique
0.95-quasi-clique_covering_adjnoun,models/relaxedClique/gschwind/gamma-quasi-clique_covering/0.95-quasi-clique_covering_adjnoun.lp,relaxedClique
0.8-quasi-clique_covering_adjnoun,models/relaxedClique/gschwind/gamma-quasi-clique_covering/0.8-quasi-clique_covering_adjnoun.lp,relaxedClique
0.75-quasi-clique_covering_dolphins,models/relaxedClique/gschwind/gamma-quasi-clique_covering/0.75-quasi-clique_covering_dolphins.lp,relaxedClique
0.95-quasi-clique_covering_chesapeake,models/relaxedClique/gschwind/gamma-quasi-clique_covering/0.95-quasi-clique_covering_chesapeake.lp,relaxedClique
0.8-quasi-clique_covering_karate,models/relaxedClique/gschwind/gamma-quasi-clique_covering/0.8-quasi-clique_covering_karate.lp,relaxedClique
0.9-quasi-clique_covering_karate,models/relaxedClique/gschwind/gamma-quasi-clique_covering/0.9-quasi-clique_covering_karate.lp,relaxedClique
0.75-quasi-clique_covering_polbooks,models/relaxedClique/gschwind/gamma-quasi-clique_covering/0.75-quasi-clique_covering_polbooks.lp,relaxedClique
0.85-quasi-clique_partitioning_dolphins,models/relaxedClique/gschwind/gamma-quasi-clique_partitioning/0.85-quasi-clique_partitioning_dolphins.lp,relaxedClique
0.8-quasi-clique_partitioning_adjnoun,models/relaxedClique/gschwind/gamma-quasi-clique_partitioning/0.8-quasi-clique_partitioning_adjnoun.lp,relaxedClique
0.9-quasi-clique_partitioning_polbooks,models/relaxedClique/gschwind/gamma-quasi-clique_partitioning/0.9-quasi-clique_partitioning_polbooks.lp,relaxedClique
0.9-quasi-clique_partitioning_football,models/relaxedClique/gschwind/gamma-quasi-clique_partitioning/0.9-quasi-clique_partitioning_football.lp,relaxedClique
0.9-quasi-clique_partitioning_karate,models/relaxedClique/gschwind/gamma-quasi-clique_partitioning/0.9-quasi-clique_partitioning_karate.lp,relaxedClique
0.8-quasi-clique_partitioning_dolphins,models/relaxedClique/gschwind/gamma-quasi-clique_partitioning/0.8-quasi-clique_partitioning_dolphins.lp,relaxedClique
0.8-quasi-clique_partitioning_football,models/relaxedClique/gschwind/gamma-quasi-clique_partitioning/0.8-quasi-clique_partitioning_football.lp,relaxedClique
0.95-quasi-clique_partitioning_chesapeake,models/relaxedClique/gschwind/gamma-quasi-clique_partitioning/0.95-quasi-clique_partitioning_chesapeake.lp,relaxedClique
0.85-quasi-clique_partitioning_football,models/relaxedClique/gschwind/gamma-quasi-clique_partitioning/0.85-quasi-clique_partitioning_football.lp,relaxedClique
gap7_3-min,models/gap/orlibrary/min/gap7_3-min.lp,gap
gap5_4-min,models/gap/orlibrary/min/gap5_4-min.lp,gap
gap1_5-min,models/gap/orlibrary/min/gap1_5-min.lp,gap
gapb_5-min,models/gap/orlibrary/min/gapb_5-min.lp,gap
gap4_2-min,models/gap/orlibrary/min/gap4_2-min.lp,gap
gap11_5-min,models/gap/orlibrary/min/gap11_5-min.lp,gap
gapb_3-min,models/gap/orlibrary/min/gapb_3-min.lp,gap
gapc_5-min,models/gap/orlibrary/min/gapc_5-min.lp,gap
gap8_1-min,models/gap/orlibrary/min/gap8_1-min.lp,gap
gap12_1-min,models/gap/orlibrary/min/gap12_1-min.lp,gap
gap3_2-min,models/gap/orlibrary/min/gap3_2-min.lp,gap
gap2_1-min,models/gap/orlibrary/min/gap2_1-min.lp,gap
gap8_5-min,models/gap/orlibrary/min/gap8_5-min.lp,gap
gap12_2-max,models/gap/orlibrary/max/gap12_2-max.lp,gap
gapc_6-max,models/gap/orlibrary/max/gapc_6-max.lp,gap
gapd_6-max,models/gap/orlibrary/max/gapd_6-max.lp,gap
gapb_1-max,models/gap/orlibrary/max/gapb_1-max.lp,gap
gap6_3-max,models/gap/orlibrary/max/gap6_3-max.lp,gap
gap2_3-max,models/gap/orlibrary/max/gap2_3-max.lp,gap
gapb_6-max,models/gap/orlibrary/max/gapb_6-max.lp,gap
gap3_1-max,models/gap/orlibrary/max/gap3_1-max.lp,gap
gap8_1-max,models/gap/orlibrary/max/gap8_1-max.lp,gap
gap9_4-max,models/gap/orlibrary/max/gap9_4-max.lp,gap
gap5_5-max,models/gap/orlibrary/max/gap5_5-max.lp,gap
gap8_3-max,models/gap/orlibrary/max/gap8_3-max.lp,gap
gap11_4-max,models/gap/orlibrary/max/gap11_4-max.lp,gap
c10200_1-min,models/gap/yagiura/min/c10200_1-min.lp,gap
d10400_1-min,models/gap/yagiura/min/d10400_1-min.lp,gap
e30900_1-min,models/gap/yagiura/min/e30900_1-min.lp,gap
a10100_1-min,models/gap/yagiura/min/a10100_1-min.lp,gap
d05100_1-min,models/gap/yagiura/min/d05100_1-min.lp,gap
a10200_1-min,models/gap/yagiura/min/a10200_1-min.lp,gap
e05100_1-min,models/gap/yagiura/min/e05100_1-min.lp,gap
d30900_1-min,models/gap/yagiura/min/d30900_1-min.lp,gap
c201600_1-min,models/gap/yagiura/min/c201600_1-min.lp,gap
a20200_1-min,models/gap/yagiura/min/a20200_1-min.lp,gap
c20100_1-min,models/gap/yagiura/min/c20100_1-min.lp,gap
b05100_1-min,models/gap/yagiura/min/b05100_1-min.lp,gap
e60900_1-max,models/gap/yagiura/max/e60900_1-max.lp,gap
e05200_1-max,models/gap/yagiura/max/e05200_1-max.lp,gap
c10400_1-max,models/gap/yagiura/max/c10400_1-max.lp,gap
c10200_1-max,models/gap/yagiura/max/c10200_1-max.lp,gap
c60900_1-max,models/gap/yagiura/max/c60900_1-max.lp,gap
c05100_1-max,models/gap/yagiura/max/c05100_1-max.lp,gap
d60900_1-max,models/gap/yagiura/max/d60900_1-max.lp,gap
c05200_1-max,models/gap/yagiura/max/c05200_1-max.lp,gap
e20200_1-max,models/gap/yagiura/max/e20200_1-max.lp,gap
d15900_1-max,models/gap/yagiura/max/d15900_1-max.lp,gap
e10100_1-max,models/gap/yagiura/max/e10100_1-max.lp,gap
e201600_1-max,models/gap/yagiura/max/e201600_1-max.lp,gap
p33100-17.gq,models/cpmp/optlab/gq/p33100-17.gq.lp,cpmp
p1650-7.gq,models/cpmp/optlab/gq/p1650-7.gq.lp,cpmp
p40100-16-115.gq,models/cpmp/optlab/gq/p40100-16-115.gq.lp,cpmp
p1650-8.gq,models/cpmp/optlab/gq/p1650-8.gq.lp,cpmp
p40100-15-105.gq,models/cpmp/optlab/gq/p40100-15-105.gq.lp,cpmp
p60150-24.gq,models/cpmp/optlab/gq/p60150-24.gq.lp,cpmp
p550-8.gq,models/cpmp/optlab/gq/p550-8.gq.lp,cpmp
p40100-18.gq,models/cpmp/optlab/gq/p40100-18.gq.lp,cpmp
p10100-11-110.gq,models/cpmp/optlab/gq/p10100-11-110.gq.lp,cpmp
p50150-24.gq,models/cpmp/optlab/gq/p50150-24.gq.lp,cpmp
p10100-12-115.gq,models/cpmp/optlab/gq/p10100-12-115.gq.lp,cpmp
p36150-24.gq,models/cpmp/optlab/gq/p36150-24.gq.lp,cpmp
p25100-12.gq,models/cpmp/optlab/gq/p25100-12.gq.lp,cpmp
p20200-40.gq,models/cpmp/optlab/gq/p20200-40.gq.lp,cpmp
p20200-35.gq,models/cpmp/optlab/gq/p20200-35.gq.lp,cpmp
p2050-1.eq,models/cpmp/optlab/eq/p2050-1.eq.lp,cpmp
p40100-12-105.eq,models/cpmp/optlab/eq/p40100-12-105.eq.lp,cpmp
p20200-38.eq,models/cpmp/optlab/eq/p20200-38.eq.lp,cpmp
p17.eq,models/cpmp/optlab/eq/p17.eq.lp,cpmp
p1650-8.eq,models/cpmp/optlab/eq/p1650-8.eq.lp,cpmp
p40100-18-105.eq,models/cpmp/optlab/eq/p40100-18-105.eq.lp,cpmp
p40100-15.eq,models/cpmp/optlab/eq/p40100-15.eq.lp,cpmp
p1250-5.eq,models/cpmp/optlab/eq/p1250-5.eq.lp,cpmp
p36150-29.eq,models/cpmp/optlab/eq/p36150-29.eq.lp,cpmp
p1650-10.eq,models/cpmp/optlab/eq/p1650-10.eq.lp,cpmp
p23-6.eq,models/cpmp/optlab/eq/p23-6.eq.lp,cpmp
p550-1.eq,models/cpmp/optlab/eq/p550-1.eq.lp,cpmp
p2050-2.eq,models/cpmp/optlab/eq/p2050-2.eq.lp,cpmp
p36150-30.eq,models/cpmp/optlab/eq/p36150-30.eq.lp,cpmp
p50200-32.eq,models/cpmp/optlab/eq/p50200-32.eq.lp,cpmp
SJC1-1.gq,models/cpmp/lorena/gq/SJC1-1.gq.lp,cpmp
SJC2-1.gq,models/cpmp/lorena/gq/SJC2-1.gq.lp,cpmp
SJC2-1.eq,models/cpmp/lorena/eq/SJC2-1.eq.lp,cpmp
SJC1-1.eq,models/cpmp/lorena/eq/SJC1-1.eq.lp,cpmp
p16,models/cpmp/orlibrary/eq/p16.lp,cpmp
p3,models/cpmp/orlibrary/eq/p3.lp,cpmp
p9,models/cpmp/orlibrary/eq/p9.lp,cpmp
p12,models/cpmp/orlibrary/eq/p12.lp,cpmp
p2,models/cpmp/orlibrary/eq/p2.lp,cpmp
p1,models/cpmp/orlibrary/eq/p1.lp,cpmp
p17,models/cpmp/orlibrary/eq/p17.lp,cpmp
p4,models/cpmp/orlibrary/eq/p4.lp,cpmp
p19,models/cpmp/orlibrary/eq/p19.lp,cpmp
p7,models/cpmp/orlibrary/eq/p7.lp,cpmp
p5,models/cpmp/orlibrary/eq/p5.lp,cpmp
p20,models/cpmp/orlibrary/eq/p20.lp,cpmp
p6,models/cpmp/orlibrary/eq/p6.lp,cpmp
p14,models/cpmp/orlibrary/eq/p14.lp,cpmp
p10,models/cpmp/orlibrary/eq/p10.lp,cpmp
p18,models/cpmp/orlibrary/eq/p18.lp,cpmp
N1C3W1_J.BPPgq,models/bpp/bison/gq/N1C3W1_J.BPPgq.lp,bpp
N3C2W4_K.BPPgq,models/bpp/bison/gq/N3C2W4_K.BPPgq.lp,bpp
N2W1B1R3.BPPgq,models/bpp/bison/gq/N2W1B1R3.BPPgq.lp,bpp
N2C2W1_L.BPPgq,models/bpp/bison/gq/N2C2W1_L.BPPgq.lp,bpp
N1C3W4_A.BPPgq,models/bpp/bison/gq/N1C3W4_A.BPPgq.lp,bpp
N1C3W2_I.BPPgq,models/bpp/bison/gq/N1C3W2_I.BPPgq.lp,bpp
N3W2B1R4.BPPgq,models/bpp/bison/gq/N3W2B1R4.BPPgq.lp,bpp
N3W4B2R7.BPPgq,models/bpp/bison/gq/N3W4B2R7.BPPgq.lp,bpp
N1C2W2_J.BPPgq,models/bpp/bison/gq/N1C2W2_J.BPPgq.lp,bpp
N3C1W1_L.BPPgq,models/bpp/bison/gq/N3C1W1_L.BPPgq.lp,bpp
N1W3B1R2.BPPgq,models/bpp/bison/gq/N1W3B1R2.BPPgq.lp,bpp
N4W2B2R9.BPPgq,models/bpp/bison/gq/N4W2B2R9.BPPgq.lp,bpp
N4W3B3R2.BPPgq,models/bpp/bison/gq/N4W3B3R2.BPPgq.lp,bpp
N3C2W4_M.BPPeq,models/bpp/bison/eq/N3C2W4_M.BPPeq.lp,bpp
N3C3W1_S.BPPeq,models/bpp/bison/eq/N3C3W1_S.BPPeq.lp,bpp
N1C3W1_L.BPPeq,models/bpp/bison/eq/N1C3W1_L.BPPeq.lp,bpp
N3W3B1R5.BPPeq,models/bpp/bison/eq/N3W3B1R5.BPPeq.lp,bpp
N1C3W2_M.BPPeq,models/bpp/bison/eq/N1C3W2_M.BPPeq.lp,bpp
N3W4B2R8.BPPeq,models/bpp/bison/eq/N3W4B2R8.BPPeq.lp,bpp
N2W1B3R1.BPPeq,models/bpp/bison/eq/N2W1B3R1.BPPeq.lp,bpp
N3W3B2R2.BPPeq,models/bpp/bison/eq/N3W3B2R2.BPPeq.lp,bpp
N3C3W4_R.BPPeq,models/bpp/bison/eq/N3C3W4_R.BPPeq.lp,bpp
N1W2B3R5.BPPeq,models/bpp/bison/eq/N1W2B3R5.BPPeq.lp,bpp
N1C3W2_K.BPPeq,models/bpp/bison/eq/N1C3W2_K.BPPeq.lp,bpp
N1C2W2_R.BPPeq,models/bpp/bison/eq/N1C2W2_R.BPPeq.lp,bpp
N3C3W4_P.BPPeq,models/bpp/bison/eq/N3C3W4_P.BPPeq.lp,bpp
N249B100.0t249_18.BPPgq,models/bpp/orlibrary/gq/N249B100.0t249_18.BPPgq.lp,bpp
N120B150u120_01.BPPgq,models/bpp/orlibrary/gq/N120B150u120_01.BPPgq.lp,bpp
N120B150u120_10.BPPgq,models/bpp/orlibrary/gq/N120B150u120_10.BPPgq.lp,bpp
N249B100.0t249_15.BPPgq,models/bpp/orlibrary/gq/N249B100.0t249_15.BPPgq.lp,bpp
N249B100.0t249_10.BPPgq,models/bpp/orlibrary/gq/N249B100.0t249_10.BPPgq.lp,bpp
N120B150u120_04.BPPgq,models/bpp/orlibrary/gq/N120B150u120_04.BPPgq.lp,bpp
N120B150u120_13.BPPgq,models/bpp/orlibrary/gq/N120B150u120_13.BPPgq.lp,bpp
N120B100.0t120_06.BPPgq,models/bpp/orlibrary/gq/N120B100.0t120_06.BPPgq.lp,bpp
N250B150u250_09.BPPgq,models/bpp/orlibrary/gq/N250B150u250_09.BPPgq.lp,bpp
N60B100.0t60_09.BPPgq,models/bpp/orlibrary/gq/N60B100.0t60_09.BPPgq.lp,bpp
N120B150u120_05.BPPgq,models/bpp/orlibrary/gq/N120B150u120_05.BPPgq.lp,bpp
N120B150u120_00.BPPgq,models/bpp/orlibrary/gq/N120B150u120_00.BPPgq.lp,bpp
N249B100.0t249_08.BPPeq,models/bpp/orlibrary/eq/N249B100.0t249_08.BPPeq.lp,bpp
N120B100.0t120_04.BPPeq,models/bpp/orlibrary/eq/N120B100.0t120_04.BPPeq.lp,bpp
N249B100.0t249_06.BPPeq,models/bpp/orlibrary/eq/N249B100.0t249_06.BPPeq.lp,bpp
N249B100.0t249_14.BPPeq,models/bpp/orlibrary/eq/N249B100.0t249_14.BPPeq.lp,bpp
N60B100.0t60_07.BPPeq,models/bpp/orlibrary/eq/N60B100.0t60_07.BPPeq.lp,bpp
N250B150u250_08.BPPeq,models/bpp/orlibrary/eq/N250B150u250_08.BPPeq.lp,bpp
N250B150u250_17.BPPeq,models/bpp/orlibrary/eq/N250B150u250_17.BPPeq.lp,bpp
N120B100.0t120_09.BPPeq,models/bpp/orlibrary/eq/N120B100.0t120_09.BPPeq.lp,bpp
N60B100.0t60_06.BPPeq,models/bpp/orlibrary/eq/N60B100.0t60_06.BPPeq.lp,bpp
N60B100.0t60_13.BPPeq,models/bpp/orlibrary/eq/N60B100.0t60_13.BPPeq.lp,bpp
N250B150u250_03.BPPeq,models/bpp/orlibrary/eq/N250B150u250_03.BPPeq.lp,bpp
N250B150u250_05.BPPeq,models/bpp/orlibrary/eq/N250B150u250_05.BPPeq.lp,bpp
